id;name;url;created_by;created_date;last_modified_by;last_modified_date
1;Auto Loan Account modular Refined;http://queen.biz;e-business;2019-07-27T21:21:38;projection Fresh;2019-07-28T10:00:28
2;Direct;http://danny.name;Jewelery cutting-edge;2019-07-28T11:14:39;Hat;2019-07-28T05:44:27
3;Bedfordshire Bahamian Dollar;http://eugene.biz;Gloves sky blue Oklahoma;2019-07-28T08:52:01;Tasty Concrete Chips Exclusive;2019-07-28T01:50:52
4;card Plastic;https://alfredo.biz;Analyst paradigms;2019-07-28T17:45:57;ubiquitous;2019-07-28T03:20:05
5;Canadian Dollar;https://jeffry.info;Dominican Republic Credit Card Account Handmade;2019-07-28T09:41:14;Re-contextualized;2019-07-27T23:17:02
6;Point Orchestrator;http://kailee.net;optical;2019-07-28T14:56:30;Bedfordshire;2019-07-28T01:51:35
7;HDD;http://marianne.biz;firewall;2019-07-27T23:07:52;turn-key;2019-07-28T16:15:03
8;Quality;http://gerson.name;hacking Forint bandwidth;2019-07-28T13:32:29;Tanzania Fiji Dollar Profound;2019-07-28T14:21:36
9;Designer Borders content-based;https://augusta.org;Virginia THX pink;2019-07-28T11:51:58;Saint Helena Pound programming;2019-07-27T22:00:27
10;drive THX bypassing;https://carolyne.net;New Zealand Dollar Alabama transform;2019-07-27T19:59:46;Supervisor clear-thinking;2019-07-28T11:13:49
