id;name;type;type_id;created_by;created_date;last_modified_by;last_modified_date
1;mobile Fish;STUDENT;5808;FTP Savings Account;2019-07-28T01:33:55;Movies Producer;2019-07-27T22:34:50
2;red Chips Soap;PROFESSIONAL;706;Home Namibia;2019-07-28T08:57:45;Gorgeous Frozen Pants;2019-07-28T12:58:21
3;Licensed Savings Account;TEACHER;4645;Credit Card Account Table Small Frozen Sausages;2019-07-27T19:23:03;cross-platform access;2019-07-28T16:12:53
4;Nakfa;TEACHER;83319;Salad;2019-07-28T09:10:25;Tuna;2019-07-28T00:25:50
5;convergence;STUDENT;18485;Facilitator;2019-07-27T23:57:21;Markets Chief;2019-07-28T04:12:34
6;National Awesome sky blue;STUDENT;84453;compress South Georgia and the South Sandwich Islands;2019-07-28T04:28:37;Specialist Home Loan Account;2019-07-28T11:56:06
7;scalable;STUDENT;98688;index orange;2019-07-28T18:25:35;overriding;2019-07-28T01:35:40
8;application quantify Unbranded Plastic Tuna;STUDENT;85003;Highway Ergonomic;2019-07-28T09:39:34;Lempira;2019-07-28T02:34:37
9;New York tangible Mississippi;TEACHER;76078;Idaho compress Avon;2019-07-28T06:00:49;partnerships Grocery Intelligent;2019-07-28T17:48:17
10;withdrawal knowledge base Buckinghamshire;TEACHER;20306;Brand;2019-07-28T04:11:11;Chilean Peso Unidades de fomento;2019-07-27T21:25:41
